"simulationTime[s]","districtName","districtSafetyLevel","amountOfPatrols","amountOfPatrollingPatrols","amountOfCalculatingPathPatrols","amountOfTransferToInterventionPatrols","amountOfTransferToFiringPatrols","amountOfInterventionPatrols","amountOfFiringPatrols","amountOfReturningToHqPatrols","amountOfIncidents","isNight"
3611,£agiewniki-Borek Fa³êcki,RatherSafe,1,1,0,0,0,0,0,0,0,0
3611,Dêbniki,NotSafe,2,2,0,0,0,0,0,0,0,0
3611,Swoszowice,Safe,6,4,1,0,0,1,0,0,1,0
3611,Podgórze,Safe,1,1,0,0,0,0,0,0,0,0
3611,Stare Miasto,NotSafe,2,0,0,1,0,1,0,0,2,0
3611,Zwierzyniec,RatherSafe,4,1,1,0,0,1,1,0,2,0
3611,Podgórze Duchackie,NotSafe,1,1,0,0,0,0,0,0,0,0
3611,Bie¿anów-Prokocim,Safe,1,1,0,0,0,0,0,0,0,0
3611,Nowa Huta,NotSafe,4,1,1,0,0,2,0,0,2,0
3611,Wzgórza Krzes³awickie,Safe,2,1,0,0,0,1,0,0,1,0
3611,Czy¿yny,RatherSafe,3,2,0,0,0,1,0,0,1,0
3611,Grzegórzki,RatherSafe,4,2,0,0,0,2,0,0,2,0
3611,Krowodrza,RatherSafe,1,0,1,0,0,0,0,0,0,0
3611,Bronowice,NotSafe,2,0,2,0,0,0,0,0,0,0
3611,Pr¹dnik Bia³y,Safe,2,1,0,0,0,1,0,0,1,0
3611,Pr¹dnik Czerwony,RatherSafe,1,1,0,0,0,0,0,0,0,0
3611,Mistrzejowice,RatherSafe,2,0,1,0,0,1,0,0,1,0
3611,Bieñczyce,RatherSafe,1,0,0,0,0,1,0,0,1,0
7200,£agiewniki-Borek Fa³êcki,RatherSafe,2,1,0,1,0,0,0,0,0,0
7200,Dêbniki,NotSafe,7,1,0,0,0,0,6,0,1,0
7200,Swoszowice,Safe,1,1,0,0,0,0,0,0,0,0
7200,Podgórze,Safe,5,4,1,0,0,0,0,0,0,0
7200,Stare Miasto,NotSafe,8,0,0,0,0,1,7,0,3,0
7200,Zwierzyniec,RatherSafe,7,3,0,0,0,0,4,0,1,0
7200,Podgórze Duchackie,NotSafe,0,0,0,0,0,0,0,0,1,0
7200,Bie¿anów-Prokocim,Safe,3,3,0,0,0,0,0,0,0,0
7200,Nowa Huta,NotSafe,3,2,0,1,0,0,0,0,1,0
7200,Wzgórza Krzes³awickie,Safe,0,0,0,0,0,0,0,0,0,0
7200,Czy¿yny,RatherSafe,0,0,0,0,0,0,0,0,0,0
7200,Grzegórzki,RatherSafe,1,1,0,0,0,0,0,0,0,0
7200,Krowodrza,RatherSafe,2,0,0,1,0,1,0,0,3,0
7200,Bronowice,NotSafe,1,1,0,0,0,0,0,0,0,0
7200,Pr¹dnik Bia³y,Safe,1,1,0,0,0,0,0,0,0,0
7200,Pr¹dnik Czerwony,RatherSafe,1,0,0,0,0,1,0,0,1,0
7200,Mistrzejowice,RatherSafe,2,1,0,0,0,1,0,0,1,0
7200,Bieñczyce,RatherSafe,1,0,0,0,0,1,0,0,1,0
10800,£agiewniki-Borek Fa³êcki,RatherSafe,0,0,0,0,0,0,0,0,0,0
10800,Dêbniki,NotSafe,5,4,1,0,0,0,0,0,0,0
10800,Swoszowice,Safe,2,1,0,1,0,0,0,0,1,0
10800,Podgórze,Safe,1,1,0,0,0,0,0,0,1,0
10800,Stare Miasto,NotSafe,5,0,0,0,0,0,5,0,1,0
10800,Zwierzyniec,RatherSafe,4,3,0,0,0,1,0,0,1,0
10800,Podgórze Duchackie,NotSafe,6,1,0,0,0,2,3,0,3,0
10800,Bie¿anów-Prokocim,Safe,0,0,0,0,0,0,0,0,0,0
10800,Nowa Huta,NotSafe,5,0,0,0,0,0,4,0,2,0
10800,Wzgórza Krzes³awickie,Safe,0,0,0,0,0,0,0,0,0,0
10800,Czy¿yny,RatherSafe,3,0,0,0,0,0,3,0,2,0
10800,Grzegórzki,RatherSafe,2,1,0,0,0,1,0,0,1,0
10800,Krowodrza,RatherSafe,1,0,0,0,0,1,0,0,1,0
10800,Bronowice,NotSafe,8,0,0,0,0,2,6,0,3,0
10800,Pr¹dnik Bia³y,Safe,0,0,0,0,0,0,0,0,0,0
10800,Pr¹dnik Czerwony,RatherSafe,2,1,0,0,0,1,0,0,1,0
10800,Mistrzejowice,RatherSafe,0,0,0,0,0,0,0,0,0,0
10800,Bieñczyce,RatherSafe,1,0,0,1,0,0,0,0,0,0
14401,£agiewniki-Borek Fa³êcki,RatherSafe,1,0,0,0,0,1,0,0,1,0
14401,Dêbniki,NotSafe,4,3,0,0,0,1,0,0,1,0
14401,Swoszowice,Safe,0,0,0,0,0,0,0,0,0,0
14401,Podgórze,Safe,4,4,0,0,0,0,0,0,0,0
14401,Stare Miasto,NotSafe,7,2,0,0,0,0,5,0,1,0
14401,Zwierzyniec,RatherSafe,1,0,0,1,0,0,0,0,0,0
14401,Podgórze Duchackie,NotSafe,0,0,0,0,0,0,0,0,1,0
14401,Bie¿anów-Prokocim,Safe,2,1,0,1,0,0,0,0,0,0
14401,Nowa Huta,NotSafe,7,2,0,0,0,0,5,0,1,0
14401,Wzgórza Krzes³awickie,Safe,1,1,0,0,0,0,0,0,0,0
14401,Czy¿yny,RatherSafe,3,3,0,0,0,0,0,0,0,0
14401,Grzegórzki,RatherSafe,7,3,0,0,0,0,4,0,1,0
14401,Krowodrza,RatherSafe,1,0,0,1,0,0,0,0,0,0
14401,Bronowice,NotSafe,0,0,0,0,0,0,0,0,2,0
14401,Pr¹dnik Bia³y,Safe,2,1,1,0,0,0,0,0,0,0
14401,Pr¹dnik Czerwony,RatherSafe,1,0,0,0,0,1,0,0,1,0
14401,Mistrzejowice,RatherSafe,0,0,0,0,0,0,0,0,0,0
14401,Bieñczyce,RatherSafe,3,3,0,0,0,0,0,0,0,0
18002,£agiewniki-Borek Fa³êcki,RatherSafe,3,2,0,0,0,0,1,0,1,0
18002,Dêbniki,NotSafe,3,3,0,0,0,0,0,0,0,0
18002,Swoszowice,Safe,2,2,0,0,0,0,0,0,0,0
18002,Podgórze,Safe,3,2,1,0,0,0,0,0,0,0
18002,Stare Miasto,NotSafe,4,0,0,0,0,1,3,0,1,0
18002,Zwierzyniec,RatherSafe,1,0,0,0,0,1,0,0,1,0
18002,Podgórze Duchackie,NotSafe,10,0,0,0,0,0,10,0,2,0
18002,Bie¿anów-Prokocim,Safe,1,1,0,0,0,0,0,0,0,0
18002,Nowa Huta,NotSafe,6,3,1,0,0,2,0,0,2,0
18002,Wzgórza Krzes³awickie,Safe,1,1,0,0,0,0,0,0,0,0
18002,Czy¿yny,RatherSafe,1,1,0,0,0,0,0,0,0,0
18002,Grzegórzki,RatherSafe,4,0,0,0,0,1,3,0,2,0
18002,Krowodrza,RatherSafe,1,1,0,0,0,0,0,0,0,0
18002,Bronowice,NotSafe,0,0,0,0,0,0,0,0,0,0
18002,Pr¹dnik Bia³y,Safe,0,0,0,0,0,0,0,0,0,0
18002,Pr¹dnik Czerwony,RatherSafe,1,1,0,0,0,0,0,0,0,0
18002,Mistrzejowice,RatherSafe,3,0,1,0,0,2,0,0,2,0
18002,Bieñczyce,RatherSafe,0,0,0,0,0,0,0,0,0,0
21601,£agiewniki-Borek Fa³êcki,RatherSafe,0,0,0,0,0,0,0,0,0,0
21601,Dêbniki,NotSafe,5,5,0,0,0,0,0,0,0,0
21601,Swoszowice,Safe,2,1,0,0,0,1,0,0,1,0
21601,Podgórze,Safe,5,3,0,0,0,2,0,0,2,0
21601,Stare Miasto,NotSafe,2,1,0,0,0,1,0,0,1,0
21601,Zwierzyniec,RatherSafe,6,5,0,0,0,1,0,0,1,0
21601,Podgórze Duchackie,NotSafe,1,1,0,0,0,0,0,0,0,0
21601,Bie¿anów-Prokocim,Safe,2,2,0,0,0,0,0,0,0,0
21601,Nowa Huta,NotSafe,3,1,0,0,0,2,0,0,2,0
21601,Wzgórza Krzes³awickie,Safe,0,0,0,0,0,0,0,0,0,0
21601,Czy¿yny,RatherSafe,6,3,0,0,0,0,3,0,1,0
21601,Grzegórzki,RatherSafe,4,1,0,0,0,0,3,0,1,0
21601,Krowodrza,RatherSafe,1,1,0,0,0,0,0,0,0,0
21601,Bronowice,NotSafe,1,0,0,0,0,1,0,0,1,0
21601,Pr¹dnik Bia³y,Safe,2,2,0,0,0,0,0,0,0,0
21601,Pr¹dnik Czerwony,RatherSafe,2,1,0,0,0,1,0,0,1,0
21601,Mistrzejowice,RatherSafe,0,0,0,0,0,0,0,0,0,0
21601,Bieñczyce,RatherSafe,1,1,0,0,0,0,0,0,0,0
25200,£agiewniki-Borek Fa³êcki,RatherSafe,3,0,0,0,0,3,0,0,3,0
25200,Dêbniki,NotSafe,2,1,0,0,0,1,0,0,1,0
25200,Swoszowice,Safe,0,0,0,0,0,0,0,0,0,0
25200,Podgórze,Safe,5,5,0,0,0,0,0,0,0,0
25200,Stare Miasto,NotSafe,9,0,0,0,0,3,6,0,4,0
25200,Zwierzyniec,RatherSafe,1,0,0,1,0,0,0,0,0,0
25200,Podgórze Duchackie,NotSafe,5,5,0,0,0,0,0,0,0,0
25200,Bie¿anów-Prokocim,Safe,1,1,0,0,0,0,0,0,0,0
25200,Nowa Huta,NotSafe,5,3,0,1,0,1,0,0,1,0
25200,Wzgórza Krzes³awickie,Safe,1,0,0,1,0,0,0,0,2,0
25200,Czy¿yny,RatherSafe,2,2,0,0,0,0,0,0,0,0
25200,Grzegórzki,RatherSafe,5,0,0,0,0,0,5,0,1,0
25200,Krowodrza,RatherSafe,2,2,0,0,0,0,0,0,1,0
25200,Bronowice,NotSafe,2,0,0,0,0,2,0,0,3,0
25200,Pr¹dnik Bia³y,Safe,0,0,0,0,0,0,0,0,0,0
25200,Pr¹dnik Czerwony,RatherSafe,0,0,0,0,0,0,0,0,0,0
25200,Mistrzejowice,RatherSafe,1,1,0,0,0,0,0,0,0,0
25200,Bieñczyce,RatherSafe,0,0,0,0,0,0,0,0,0,0
28802,£agiewniki-Borek Fa³êcki,RatherSafe,0,0,0,0,0,0,0,0,0,0
28802,Dêbniki,NotSafe,9,1,0,0,0,2,6,0,5,0
28802,Swoszowice,Safe,1,0,0,1,0,0,0,0,0,0
28802,Podgórze,Safe,2,1,0,1,0,0,0,0,1,0
28802,Stare Miasto,NotSafe,1,0,0,0,0,1,0,0,1,0
28802,Zwierzyniec,RatherSafe,2,0,0,1,0,1,0,0,1,0
28802,Podgórze Duchackie,NotSafe,6,0,0,0,0,1,5,0,2,0
28802,Bie¿anów-Prokocim,Safe,2,1,0,0,0,1,0,0,1,0
28802,Nowa Huta,NotSafe,1,1,0,0,0,0,0,0,0,0
28802,Wzgórza Krzes³awickie,Safe,1,1,0,0,0,0,0,0,0,0
28802,Czy¿yny,RatherSafe,5,3,0,0,0,2,0,0,2,0
28802,Grzegórzki,RatherSafe,0,0,0,0,0,0,0,0,0,0
28802,Krowodrza,RatherSafe,2,2,0,0,0,0,0,0,0,0
28802,Bronowice,NotSafe,11,0,0,0,0,1,10,0,3,0
28802,Pr¹dnik Bia³y,Safe,1,0,0,0,0,1,0,0,1,0
28802,Pr¹dnik Czerwony,RatherSafe,1,1,0,0,0,0,0,0,0,0
28802,Mistrzejowice,RatherSafe,1,0,0,0,0,1,0,0,1,0
28802,Bieñczyce,RatherSafe,2,0,0,0,0,2,0,0,2,0
32400,£agiewniki-Borek Fa³êcki,RatherSafe,2,0,0,0,1,0,1,0,2,0
32400,Dêbniki,NotSafe,4,3,0,0,0,1,0,0,1,0
32400,Swoszowice,Safe,0,0,0,0,0,0,0,0,0,0
32400,Podgórze,Safe,2,2,0,0,0,0,0,0,0,0
32400,Stare Miasto,NotSafe,6,4,0,0,0,2,0,0,2,0
32400,Zwierzyniec,RatherSafe,5,2,0,0,0,0,0,3,0,0
32400,Podgórze Duchackie,NotSafe,4,0,1,0,2,1,0,0,1,0
32400,Bie¿anów-Prokocim,Safe,2,2,0,0,0,0,0,0,0,0
32400,Nowa Huta,NotSafe,6,5,0,0,0,1,0,0,1,0
32400,Wzgórza Krzes³awickie,Safe,1,0,0,0,0,1,0,0,1,0
32400,Czy¿yny,RatherSafe,2,1,0,1,0,0,0,0,0,0
32400,Grzegórzki,RatherSafe,1,1,0,0,0,0,0,0,0,0
32400,Krowodrza,RatherSafe,2,1,0,0,0,1,0,0,1,0
32400,Bronowice,NotSafe,3,1,0,0,0,2,0,0,2,0
32400,Pr¹dnik Bia³y,Safe,2,1,0,0,0,1,0,0,1,0
32400,Pr¹dnik Czerwony,RatherSafe,6,1,0,0,0,1,4,0,2,0
32400,Mistrzejowice,RatherSafe,2,1,0,0,0,1,0,0,2,0
32400,Bieñczyce,RatherSafe,2,2,0,0,0,0,0,0,0,0
36000,£agiewniki-Borek Fa³êcki,RatherSafe,3,1,0,0,0,2,0,0,2,0
36000,Dêbniki,NotSafe,3,3,0,0,0,0,0,0,0,0
36000,Swoszowice,Safe,1,1,0,0,0,0,0,0,1,0
36000,Podgórze,Safe,7,4,0,0,0,0,3,0,1,0
36000,Stare Miasto,NotSafe,5,4,0,0,0,1,0,0,1,0
36000,Zwierzyniec,RatherSafe,2,2,0,0,0,0,0,0,0,0
36000,Podgórze Duchackie,NotSafe,1,0,0,1,0,0,0,0,0,0
36000,Bie¿anów-Prokocim,Safe,3,3,0,0,0,0,0,0,0,0
36000,Nowa Huta,NotSafe,7,2,0,0,0,0,5,0,1,0
36000,Wzgórza Krzes³awickie,Safe,1,1,0,0,0,0,0,0,0,0
36000,Czy¿yny,RatherSafe,8,6,0,1,0,1,0,0,1,0
36000,Grzegórzki,RatherSafe,1,0,1,0,0,0,0,0,0,0
36000,Krowodrza,RatherSafe,1,0,1,0,0,0,0,0,0,0
36000,Bronowice,NotSafe,1,1,0,0,0,0,0,0,0,0
36000,Pr¹dnik Bia³y,Safe,0,0,0,0,0,0,0,0,0,0
36000,Pr¹dnik Czerwony,RatherSafe,1,0,0,0,0,1,0,0,1,0
36000,Mistrzejowice,RatherSafe,0,0,0,0,0,0,0,0,1,0
36000,Bieñczyce,RatherSafe,0,0,0,0,0,0,0,0,0,0
39600,£agiewniki-Borek Fa³êcki,RatherSafe,3,1,0,0,0,2,0,0,3,0
39600,Dêbniki,NotSafe,5,3,0,1,0,1,0,0,2,0
39600,Swoszowice,Safe,4,2,0,0,0,2,0,0,2,0
39600,Podgórze,Safe,5,5,0,0,0,0,0,0,0,0
39600,Stare Miasto,NotSafe,2,2,0,0,0,0,0,0,0,0
39600,Zwierzyniec,RatherSafe,0,0,0,0,0,0,0,0,0,0
39600,Podgórze Duchackie,NotSafe,2,1,0,0,0,1,0,0,1,0
39600,Bie¿anów-Prokocim,Safe,0,0,0,0,0,0,0,0,0,0
39600,Nowa Huta,NotSafe,7,3,0,1,0,0,3,0,2,0
39600,Wzgórza Krzes³awickie,Safe,1,0,0,0,0,1,0,0,1,0
39600,Czy¿yny,RatherSafe,2,2,0,0,0,0,0,0,0,0
39600,Grzegórzki,RatherSafe,4,0,0,0,0,1,3,0,2,0
39600,Krowodrza,RatherSafe,1,1,0,0,0,0,0,0,0,0
39600,Bronowice,NotSafe,2,1,0,0,0,1,0,0,1,0
39600,Pr¹dnik Bia³y,Safe,3,2,1,0,0,0,0,0,0,0
39600,Pr¹dnik Czerwony,RatherSafe,2,1,0,0,0,1,0,0,1,0
39600,Mistrzejowice,RatherSafe,0,0,0,0,0,0,0,0,0,0
39600,Bieñczyce,RatherSafe,1,0,0,0,0,1,0,0,1,0
43200,£agiewniki-Borek Fa³êcki,RatherSafe,4,0,0,0,0,1,3,0,2,0
43200,Dêbniki,NotSafe,2,0,0,1,0,1,0,0,2,0
43200,Swoszowice,Safe,1,0,0,0,0,1,0,0,1,0
43200,Podgórze,Safe,1,0,0,1,0,0,0,0,0,0
43200,Stare Miasto,NotSafe,5,0,0,0,0,0,5,0,1,0
43200,Zwierzyniec,RatherSafe,1,0,0,1,0,0,0,0,1,0
43200,Podgórze Duchackie,NotSafe,6,0,0,0,0,0,6,0,2,0
43200,Bie¿anów-Prokocim,Safe,0,0,0,0,0,0,0,0,0,0
43200,Nowa Huta,NotSafe,6,3,0,0,0,1,2,0,2,0
43200,Wzgórza Krzes³awickie,Safe,0,0,0,0,0,0,0,0,2,0
43200,Czy¿yny,RatherSafe,7,1,0,0,1,0,5,0,1,0
43200,Grzegórzki,RatherSafe,0,0,0,0,0,0,0,0,0,0
43200,Krowodrza,RatherSafe,2,0,0,0,0,2,0,0,2,0
43200,Bronowice,NotSafe,2,1,0,0,0,1,0,0,1,0
43200,Pr¹dnik Bia³y,Safe,0,0,0,0,0,0,0,0,0,0
43200,Pr¹dnik Czerwony,RatherSafe,5,0,0,0,0,1,4,0,2,0
43200,Mistrzejowice,RatherSafe,2,0,0,1,0,1,0,0,2,0
43200,Bieñczyce,RatherSafe,3,0,0,0,1,0,2,0,1,0
46801,£agiewniki-Borek Fa³êcki,RatherSafe,1,1,0,0,0,0,0,0,0,0
46801,Dêbniki,NotSafe,2,2,0,0,0,0,0,0,0,0
46801,Swoszowice,Safe,2,2,0,0,0,0,0,0,0,0
46801,Podgórze,Safe,3,2,0,1,0,0,0,0,1,0
46801,Stare Miasto,NotSafe,5,3,1,0,0,1,0,0,2,0
46801,Zwierzyniec,RatherSafe,9,4,0,0,0,0,5,0,2,0
46801,Podgórze Duchackie,NotSafe,2,0,0,0,0,0,2,0,1,0
46801,Bie¿anów-Prokocim,Safe,3,2,0,1,0,0,0,0,1,0
46801,Nowa Huta,NotSafe,6,1,0,0,0,1,4,0,3,0
46801,Wzgórza Krzes³awickie,Safe,2,2,0,0,0,0,0,0,0,0
46801,Czy¿yny,RatherSafe,1,1,0,0,0,0,0,0,0,0
46801,Grzegórzki,RatherSafe,2,1,0,0,0,1,0,0,1,0
46801,Krowodrza,RatherSafe,3,2,0,0,0,1,0,0,1,0
46801,Bronowice,NotSafe,3,0,0,0,0,0,3,0,1,0
46801,Pr¹dnik Bia³y,Safe,2,0,1,0,0,1,0,0,1,0
46801,Pr¹dnik Czerwony,RatherSafe,2,1,0,0,0,1,0,0,1,0
46801,Mistrzejowice,RatherSafe,0,0,0,0,0,0,0,0,0,0
46801,Bieñczyce,RatherSafe,5,1,0,0,0,0,4,0,1,0
50401,£agiewniki-Borek Fa³êcki,RatherSafe,1,1,0,0,0,0,0,0,0,0
50401,Dêbniki,NotSafe,4,3,1,0,0,0,0,0,0,0
50401,Swoszowice,Safe,2,2,0,0,0,0,0,0,0,0
50401,Podgórze,Safe,6,5,0,0,0,1,0,0,1,0
50401,Stare Miasto,NotSafe,5,2,0,0,3,0,0,0,0,0
50401,Zwierzyniec,RatherSafe,2,0,0,1,0,1,0,0,1,0
50401,Podgórze Duchackie,NotSafe,6,1,0,0,0,1,4,0,2,0
50401,Bie¿anów-Prokocim,Safe,0,0,0,0,0,0,0,0,0,0
50401,Nowa Huta,NotSafe,5,1,0,0,0,0,4,0,1,0
50401,Wzgórza Krzes³awickie,Safe,2,2,0,0,0,0,0,0,0,0
50401,Czy¿yny,RatherSafe,0,0,0,0,0,0,0,0,0,0
50401,Grzegórzki,RatherSafe,3,0,0,0,1,2,0,0,2,0
50401,Krowodrza,RatherSafe,5,3,0,1,0,1,0,0,2,0
50401,Bronowice,NotSafe,1,0,0,0,0,1,0,0,2,0
50401,Pr¹dnik Bia³y,Safe,4,0,0,1,0,0,3,0,2,0
50401,Pr¹dnik Czerwony,RatherSafe,5,0,0,0,3,0,2,0,1,0
50401,Mistrzejowice,RatherSafe,0,0,0,0,0,0,0,0,0,0
50401,Bieñczyce,RatherSafe,2,0,0,0,0,1,1,0,2,0
54002,£agiewniki-Borek Fa³êcki,RatherSafe,1,1,0,0,0,0,0,0,0,0
54002,Dêbniki,NotSafe,4,4,0,0,0,0,0,0,0,0
54002,Swoszowice,Safe,1,0,0,0,0,1,0,0,1,0
54002,Podgórze,Safe,6,5,1,0,0,0,0,0,0,0
54002,Stare Miasto,NotSafe,1,1,0,0,0,0,0,0,0,0
54002,Zwierzyniec,RatherSafe,4,1,0,0,0,1,2,0,2,0
54002,Podgórze Duchackie,NotSafe,6,2,0,0,0,4,0,0,4,0
54002,Bie¿anów-Prokocim,Safe,1,1,0,0,0,0,0,0,0,0
54002,Nowa Huta,NotSafe,8,5,0,1,0,2,0,0,2,0
54002,Wzgórza Krzes³awickie,Safe,2,1,0,0,0,1,0,0,1,0
54002,Czy¿yny,RatherSafe,3,2,0,0,0,1,0,0,1,0
54002,Grzegórzki,RatherSafe,1,1,0,0,0,0,0,0,0,0
54002,Krowodrza,RatherSafe,0,0,0,0,0,0,0,0,0,0
54002,Bronowice,NotSafe,3,0,0,0,2,0,1,0,1,0
54002,Pr¹dnik Bia³y,Safe,2,0,0,0,1,1,0,0,1,0
54002,Pr¹dnik Czerwony,RatherSafe,7,2,0,0,0,0,5,0,1,0
54002,Mistrzejowice,RatherSafe,2,0,0,0,0,0,2,0,1,0
54002,Bieñczyce,RatherSafe,1,0,0,0,0,1,0,0,2,0
57602,£agiewniki-Borek Fa³êcki,RatherSafe,0,0,0,0,0,0,0,0,0,1
57602,Dêbniki,NotSafe,5,5,0,0,0,0,0,0,0,1
57602,Swoszowice,Safe,2,2,0,0,0,0,0,0,0,1
57602,Podgórze,Safe,3,3,0,0,0,0,0,0,0,1
57602,Stare Miasto,NotSafe,1,1,0,0,0,0,0,0,0,1
57602,Zwierzyniec,RatherSafe,3,2,0,0,0,1,0,0,1,1
57602,Podgórze Duchackie,NotSafe,2,2,0,0,0,0,0,0,0,1
57602,Bie¿anów-Prokocim,Safe,6,6,0,0,0,0,0,0,0,1
57602,Nowa Huta,NotSafe,5,5,0,0,0,0,0,0,0,1
57602,Wzgórza Krzes³awickie,Safe,0,0,0,0,0,0,0,0,0,1
57602,Czy¿yny,RatherSafe,0,0,0,0,0,0,0,0,0,1
57602,Grzegórzki,RatherSafe,3,3,0,0,0,0,0,0,0,1
57602,Krowodrza,RatherSafe,2,1,0,0,0,1,0,0,1,1
57602,Bronowice,NotSafe,5,0,0,0,0,1,4,0,2,1
57602,Pr¹dnik Bia³y,Safe,3,2,0,0,0,1,0,0,1,1
57602,Pr¹dnik Czerwony,RatherSafe,3,3,0,0,0,0,0,0,0,1
57602,Mistrzejowice,RatherSafe,6,0,0,0,0,1,5,0,2,1
57602,Bieñczyce,RatherSafe,0,0,0,0,0,0,0,0,0,1
61201,£agiewniki-Borek Fa³êcki,RatherSafe,0,0,0,0,0,0,0,0,0,1
61201,Dêbniki,NotSafe,5,4,1,0,0,0,0,0,0,1
61201,Swoszowice,Safe,4,4,0,0,0,0,0,0,0,1
61201,Podgórze,Safe,6,6,0,0,0,0,0,0,0,1
61201,Stare Miasto,NotSafe,4,2,0,0,0,2,0,0,2,1
61201,Zwierzyniec,RatherSafe,5,2,1,0,0,2,0,0,2,1
61201,Podgórze Duchackie,NotSafe,11,2,0,0,0,3,6,0,4,1
61201,Bie¿anów-Prokocim,Safe,6,3,0,0,0,0,3,0,1,1
61201,Nowa Huta,NotSafe,4,4,0,0,0,0,0,0,0,1
61201,Wzgórza Krzes³awickie,Safe,3,3,0,0,0,0,0,0,0,1
61201,Czy¿yny,RatherSafe,3,3,0,0,0,0,0,0,0,1
61201,Grzegórzki,RatherSafe,3,1,0,0,0,0,2,0,1,1
61201,Krowodrza,RatherSafe,0,0,0,0,0,0,0,0,0,1
61201,Bronowice,NotSafe,1,1,0,0,0,0,0,0,0,1
61201,Pr¹dnik Bia³y,Safe,2,2,0,0,0,0,0,0,0,1
61201,Pr¹dnik Czerwony,RatherSafe,2,2,0,0,0,0,0,0,0,1
61201,Mistrzejowice,RatherSafe,1,1,0,0,0,0,0,0,0,1
61201,Bieñczyce,RatherSafe,1,1,0,0,0,0,0,0,0,1
64801,£agiewniki-Borek Fa³êcki,RatherSafe,2,1,0,0,0,1,0,0,1,1
64801,Dêbniki,NotSafe,7,2,0,0,0,0,5,0,1,1
64801,Swoszowice,Safe,0,0,0,0,0,0,0,0,0,1
64801,Podgórze,Safe,4,4,0,0,0,0,0,0,0,1
64801,Stare Miasto,NotSafe,8,3,0,0,0,2,3,0,3,1
64801,Zwierzyniec,RatherSafe,0,0,0,0,0,0,0,0,0,1
64801,Podgórze Duchackie,NotSafe,9,5,0,0,0,1,3,0,2,1
64801,Bie¿anów-Prokocim,Safe,3,2,0,0,0,1,0,0,1,1
64801,Nowa Huta,NotSafe,9,4,0,0,0,3,2,0,4,1
64801,Wzgórza Krzes³awickie,Safe,0,0,0,0,0,0,0,0,0,1
64801,Czy¿yny,RatherSafe,0,0,0,0,0,0,0,0,0,1
64801,Grzegórzki,RatherSafe,6,3,0,0,0,0,3,0,1,1
64801,Krowodrza,RatherSafe,4,0,0,0,2,0,2,0,1,1
64801,Bronowice,NotSafe,6,0,0,0,0,0,6,0,2,1
64801,Pr¹dnik Bia³y,Safe,1,1,0,0,0,0,0,0,1,1
64801,Pr¹dnik Czerwony,RatherSafe,1,0,0,0,0,1,0,0,1,1
64801,Mistrzejowice,RatherSafe,0,0,0,0,0,0,0,0,1,1
64801,Bieñczyce,RatherSafe,1,0,0,1,0,0,0,0,0,1
68400,£agiewniki-Borek Fa³êcki,RatherSafe,3,1,0,1,0,1,0,0,2,1
68400,Dêbniki,NotSafe,2,2,0,0,0,0,0,0,0,1
68400,Swoszowice,Safe,1,1,0,0,0,0,0,0,0,1
68400,Podgórze,Safe,4,4,0,0,0,0,0,0,0,1
68400,Stare Miasto,NotSafe,7,1,1,0,0,3,2,0,4,1
68400,Zwierzyniec,RatherSafe,1,0,0,1,0,0,0,0,1,1
68400,Podgórze Duchackie,NotSafe,12,1,0,0,0,1,10,0,4,1
68400,Bie¿anów-Prokocim,Safe,1,1,0,0,0,0,0,0,0,1
68400,Nowa Huta,NotSafe,13,0,0,1,0,1,11,0,5,1
68400,Wzgórza Krzes³awickie,Safe,2,0,0,0,0,0,2,0,1,1
68400,Czy¿yny,RatherSafe,1,1,0,0,0,0,0,0,0,1
68400,Grzegórzki,RatherSafe,0,0,0,0,0,0,0,0,1,1
68400,Krowodrza,RatherSafe,4,4,0,0,0,0,0,0,0,1
68400,Bronowice,NotSafe,8,1,0,0,0,1,6,0,2,1
68400,Pr¹dnik Bia³y,Safe,2,1,0,0,0,1,0,0,1,1
68400,Pr¹dnik Czerwony,RatherSafe,0,0,0,0,0,0,0,0,0,1
68400,Mistrzejowice,RatherSafe,0,0,0,0,0,0,0,0,0,1
68400,Bieñczyce,RatherSafe,0,0,0,0,0,0,0,0,0,1
72000,£agiewniki-Borek Fa³êcki,RatherSafe,1,1,0,0,0,0,0,0,0,1
72000,Dêbniki,NotSafe,8,3,0,0,0,2,3,0,3,1
72000,Swoszowice,Safe,1,0,0,0,0,1,0,0,1,1
72000,Podgórze,Safe,7,6,0,0,0,0,0,1,0,1
72000,Stare Miasto,NotSafe,0,0,0,0,0,0,0,0,0,1
72000,Zwierzyniec,RatherSafe,8,0,0,0,0,1,7,0,3,1
72000,Podgórze Duchackie,NotSafe,0,0,0,0,0,0,0,0,0,1
72000,Bie¿anów-Prokocim,Safe,0,0,0,0,0,0,0,0,0,1
72000,Nowa Huta,NotSafe,19,0,0,0,0,0,19,0,6,1
72000,Wzgórza Krzes³awickie,Safe,1,1,0,0,0,0,0,0,0,1
72000,Czy¿yny,RatherSafe,2,2,0,0,0,0,0,0,1,1
72000,Grzegórzki,RatherSafe,1,0,0,0,0,1,0,0,1,1
72000,Krowodrza,RatherSafe,4,2,1,0,0,1,0,0,1,1
72000,Bronowice,NotSafe,3,0,0,0,0,3,0,0,4,1
72000,Pr¹dnik Bia³y,Safe,1,1,0,0,0,0,0,0,0,1
72000,Pr¹dnik Czerwony,RatherSafe,1,1,0,0,0,0,0,0,0,1
72000,Mistrzejowice,RatherSafe,2,0,0,0,0,2,0,0,2,1
72000,Bieñczyce,RatherSafe,2,2,0,0,0,0,0,0,0,1
75600,£agiewniki-Borek Fa³êcki,RatherSafe,1,0,0,0,0,0,1,0,1,1
75600,Dêbniki,NotSafe,6,1,0,0,0,2,3,0,4,1
75600,Swoszowice,Safe,0,0,0,0,0,0,0,0,0,1
75600,Podgórze,Safe,2,0,0,2,0,0,0,0,0,1
75600,Stare Miasto,NotSafe,1,0,0,0,0,1,0,0,2,1
75600,Zwierzyniec,RatherSafe,5,0,0,0,0,0,5,0,3,1
75600,Podgórze Duchackie,NotSafe,5,0,0,0,0,2,3,0,3,1
75600,Bie¿anów-Prokocim,Safe,1,0,0,0,0,1,0,0,1,1
75600,Nowa Huta,NotSafe,15,4,0,1,0,2,6,2,5,1
75600,Wzgórza Krzes³awickie,Safe,1,1,0,0,0,0,0,0,0,1
75600,Czy¿yny,RatherSafe,5,0,0,1,0,1,3,0,2,1
75600,Grzegórzki,RatherSafe,1,0,0,1,0,0,0,0,0,1
75600,Krowodrza,RatherSafe,0,0,0,0,0,0,0,0,0,1
75600,Bronowice,NotSafe,7,0,0,0,1,1,5,0,4,1
75600,Pr¹dnik Bia³y,Safe,0,0,0,0,0,0,0,0,1,1
75600,Pr¹dnik Czerwony,RatherSafe,1,0,0,1,0,0,0,0,0,1
75600,Mistrzejowice,RatherSafe,6,0,0,0,0,1,5,0,2,1
75600,Bieñczyce,RatherSafe,1,0,0,0,0,1,0,0,1,1
79200,£agiewniki-Borek Fa³êcki,RatherSafe,0,0,0,0,0,0,0,0,0,1
79200,Dêbniki,NotSafe,5,0,0,0,0,0,5,0,1,1
79200,Swoszowice,Safe,1,1,0,0,0,0,0,0,0,1
79200,Podgórze,Safe,0,0,0,0,0,0,0,0,0,1
79200,Stare Miasto,NotSafe,5,0,0,0,0,1,4,0,2,1
79200,Zwierzyniec,RatherSafe,0,0,0,0,0,0,0,0,0,1
79200,Podgórze Duchackie,NotSafe,10,1,0,0,0,2,7,0,4,1
79200,Bie¿anów-Prokocim,Safe,2,2,0,0,0,0,0,0,0,1
79200,Nowa Huta,NotSafe,4,0,0,1,0,0,3,0,3,1
79200,Wzgórza Krzes³awickie,Safe,2,0,0,1,0,1,0,0,2,1
79200,Czy¿yny,RatherSafe,2,1,1,0,0,0,0,0,0,1
79200,Grzegórzki,RatherSafe,1,1,0,0,0,0,0,0,0,1
79200,Krowodrza,RatherSafe,0,0,0,0,0,0,0,0,0,1
79200,Bronowice,NotSafe,14,2,0,0,0,0,12,0,3,1
79200,Pr¹dnik Bia³y,Safe,1,1,0,0,0,0,0,0,0,1
79200,Pr¹dnik Czerwony,RatherSafe,2,0,0,0,0,0,2,0,1,1
79200,Mistrzejowice,RatherSafe,4,0,0,0,0,1,3,0,2,1
79200,Bieñczyce,RatherSafe,2,0,0,0,0,2,0,0,2,1
82800,£agiewniki-Borek Fa³êcki,RatherSafe,0,0,0,0,0,0,0,0,0,1
82800,Dêbniki,NotSafe,12,5,0,0,0,1,6,0,2,1
82800,Swoszowice,Safe,3,3,0,0,0,0,0,0,0,1
82800,Podgórze,Safe,4,4,0,0,0,0,0,0,0,1
82800,Stare Miasto,NotSafe,0,0,0,0,0,0,0,0,0,1
82800,Zwierzyniec,RatherSafe,2,2,0,0,0,0,0,0,1,1
82800,Podgórze Duchackie,NotSafe,3,2,0,0,0,1,0,0,1,1
82800,Bie¿anów-Prokocim,Safe,2,2,0,0,0,0,0,0,0,1
82800,Nowa Huta,NotSafe,6,1,0,1,0,0,4,0,3,1
82800,Wzgórza Krzes³awickie,Safe,1,1,0,0,0,0,0,0,0,1
82800,Czy¿yny,RatherSafe,4,4,0,0,0,0,0,0,0,1
82800,Grzegórzki,RatherSafe,2,1,0,0,0,1,0,0,1,1
82800,Krowodrza,RatherSafe,3,2,0,1,0,0,0,0,0,1
82800,Bronowice,NotSafe,1,0,0,0,0,1,0,0,3,1
82800,Pr¹dnik Bia³y,Safe,7,1,0,0,4,0,2,0,1,1
82800,Pr¹dnik Czerwony,RatherSafe,2,2,0,0,0,0,0,0,0,1
82800,Mistrzejowice,RatherSafe,2,1,0,0,0,1,0,0,1,1
82800,Bieñczyce,RatherSafe,0,0,0,0,0,0,0,0,0,1
